INSERT INTO public."Artist" (id, artist_name) VALUES
	 (29,'Amatory'),
	 (30,'Animal ДжаZ'),
	 (31,'AK-47'),
	 (32,'Алиса'),
	 (33,'Ария'),
	 (34,'Bad Balance'),
	 (35,'Би-2'),
	 (36,'Metallica');


INSERT INTO public."Albums" (album_name,"year") VALUES
	 ('Вечно прячется судьба',2003),
	 ('Шаг Вдох',2006),
	 ('Третий',2015),
	 ('Посолонь',2019),
	 ('Проклятье морей',2018),
	 ('Каменный лес',2001),
	 ('Лунапарк',2009),
	 ('Kill ’Em All',1986),
	 ('Мяу кисс ми', 2004);

INSERT INTO public."Album_artist" (artist_id,album_id) VALUES
	 (29,1),
	 (30,2),
	 (31,3),
	 (32,4),
	 (33,5),
	 (34,6),
	 (35,7),
	 (36,8);

INSERT INTO public."Genre" (genre_name) VALUES
	 ('Альтернативный метал'),
	 ('Русский Рэп'),
	 ('Хард рок'),
	 ('Хэви метал'),
	 ('Альтернативный рок');
	
INSERT INTO public."Tracks" (track_name,album_id,duration) VALUES
	 ('Восковой дождь',1,'00:02:21'),
	 ('Осколки',1,'00:04:04'),
	 ('Время выбирать',2,'00:02:43'),
	 ('Двое',2,'00:04:15'),
	 ('No Pasaran !!',3,'00:04:14'),
	 ('Домашняя Работа',3,'00:04:39'),
	 ('Под дождём',4,'00:05:43'),
	 ('Окаянные дни',4,'00:06:13'),
	 ('Варяг',5,'00:06:38'),
	 ('Всё начинается там, где кончается ночь',5,'00:05:21'),
	 ('Джунгли',6,'00:01:14'),
	 ('Казаки',6,'00:03:54'),
	 ('Банзай',7,'00:04:02'),
	 ('Третий Рим',7,'00:03:18'),
	 ('Hit the Lights',8,'00:04:17'),
	 ('Мой рок-н-ролл',17,'00:06:45');
	
INSERT INTO public."Artist_genre" (artist_id,genre_id) VALUES
	 (29,1),
	 (30,5),
	 (31,5),
	 (32,4),
	 (33,2),
	 (34,5),
	 (35,4),
	 (36,2);

INSERT INTO public."Compilations" ("name","year") VALUES
	 ('Сборник 1',1990),
	 ('Сборник 2',1996),
	 ('Сборник 3',2001),
	 ('Сборник 4',2006),
	 ('Сборник 5',2010),
	 ('Сборник 6',2016),
	 ('Сборник 7',2019),
	 ('Сборник 8',2020);


INSERT INTO public."Track_compilation" (track_id,compilation_id) VALUES
	 (15,1),
	 (1,5),
	 (2,5),
	 (10,7),
	 (11,7),
	 (12,7),
	 (13,8),
	 (14,8);



